{
  "name": "DefBOT1Complete FINAL AGGRESSIVE - Universal Open WiFi Destroyer",
  "description": "CORRECTED VERSION: Aggressive WiFi security defender that automatically targets ANY open WiFi network as potential threat",
  "version": "2.1.0-AGGRESSIVE-CORRECTED",
  "author": "DefenseTeam",
  "category": "Security/Defense",
  "chip": "ESP32-S3",
  "board": "ATOMS3",
  "flash_size": "8MB",
  "flash_mode": "DIO", 
  "flash_freq": "80MHz",
  "bootloader_address": "0x0",
  "partition_address": "0x8000",
  "firmware_address": "0x10000",
  "file": "DefBOT1Complete_FINAL_AGGRESSIVE.bin",
  "features": [
    "🎯 AGGRESSIVE MODE: Targets ANY open WiFi (CORRECTED VERSION)",
    "🔍 Smart Detection: Only attacks unprotected networks (encType == WIFI_AUTH_OPEN)",
    "⚡ Auto-Connection: No user interaction required",
    "💥 Spam Attack: Overwhelms evil portals with fake credentials",
    "🛡️ User Protection: Saves victims from credential theft",
    "📱 Visual Feedback: Animated face shows attack status",
    "🔊 Serial Debug: Detailed attack progress output",
    "✅ Safe Network Exclusion: Skips known legitimate open WiFi"
  ],
  "targeting_strategy": {
    "mode": "AGGRESSIVE_OPEN_WIFI_CORRECTED",
    "description": "Targets ALL open WiFi networks (no encryption) as potentially dangerous",
    "detection": "Only networks with encType == WIFI_AUTH_OPEN are considered",
    "rationale": "Legitimate businesses should use WPA2/WPA3 protection",
    "exclusions": ["xfinitywifi", "attwifi", "defender*", "defbot*"],
    "attack_method": "Fake credential flooding at 500ms intervals"
  },
  "requirements": {
    "device": "M5Stack AtomS3",
    "flash": "8MB minimum"
  },
  "usage": "Simply power on near ANY open WiFi. Device automatically detects, connects, and destroys potential evil portals with spam attacks.",
  "legal": "FOR DEFENSIVE SECURITY PURPOSES ONLY. Protects innocent users from credential theft. Use responsibly and follow local laws."
}